,Spearman Correlation,Spearman P-Value
BNV4-U11,0.28638793542470387,0.0
BNV8-U19,0.40513181911190244,0.0
MAL1-C11,0.43635820903717637,0.0
MOL5-U17,0.37956782813468487,0.0
WOL4-C01,0.39317064460272216,0.0
WOL5-U05,0.48050957823645,0.0
